name,fsa,city,province,shares,lat,lon,tier,cluster,income,age,nearest_city,dist_to_cityhall_km,time_to_cityhall_min,dist_to_airport_km,time_to_airport_min,airport_distance_category,airport_duration_category,cityhall_distance_category,cityhall_duration_category
Investor 001,V0X,Richmond,BC,56,49.184811,-123.143739,Low,Do Not Contact,61.9,56.8,Vancouver,195.95,40.2,10.69,62.8,Medium Range - up to 100 km,Very Long Trip - More than 120 min,Nearby - up to 30 km,Close - up to 30 min
Investor 002,V1X,Langley,BC,35,49.059967,-122.687204,Low,High-Potential Contacts,53.5,61.5,Vancouver,163.39,55.7,129.94,46.9,Medium Range - up to 100 km,Very Long Trip - More than 120 min,Distant - More than 300 km,Moderate - up to 60 min
Investor 003,V2X,Kelowna,BC,452,49.899545,-119.52517,Low,High-Potential Contacts,111.0,38.7,Vancouver,155.75,88.6,147.77,25.9,Nearby - up to 30 km,Close - up to 30 min,Medium Range - up to 100 km,Very Close - up to 15 min
Investor 004,V3X,Nanaimo,BC,113,49.148924,-123.916433,Medium,Do Not Contact,114.3,44.7,Vancouver,189.57,98.3,107.33,64.6,Local - up to 10 km,Very Close - up to 15 min,Medium Range - up to 100 km,Very Close - up to 15 min
Investor 005,V4X,Burnaby,BC,102,49.201169,-123.014826,Medium,Low-Potential Contacts,76.2,50.7,Vancouver,125.92,109.7,192.54,30.8,Nearby - up to 30 km,Very Long Trip - More than 120 min,Local - up to 10 km,Close - up to 30 min
Investor 006,V5X,Nanaimo,BC,57,49.129011,-123.954689,Medium,Top Priority Contacts,79.0,51.8,Vancouver,112.22,66.7,175.03,37.5,Distant - More than 300 km,Very Close - up to 15 min,Distant - More than 300 km,Moderate - up to 60 min
Investor 007,V6X,Richmond,BC,287,49.125531,-123.175583,Low,Top Priority Contacts,59.5,43.7,Vancouver,155.52,28.2,48.81,99.3,Medium Range - up to 100 km,Close - up to 30 min,Local - up to 10 km,Moderate - up to 60 min
Investor 008,V7X,Surrey,BC,85,49.11473,-122.784809,Medium,High-Potential Contacts,63.4,46.2,Vancouver,178.91,101.1,3.37,42.9,Nearby - up to 30 km,Very Close - up to 15 min,Medium Range - up to 100 km,Very Long Trip - More than 120 min
Investor 009,V8X,Burnaby,BC,450,49.289958,-122.943592,Low,Low-Potential Contacts,83.1,47.6,Vancouver,188.29,29.7,45.31,105.0,Local - up to 10 km,Very Close - up to 15 min,Local - up to 10 km,Moderate - up to 60 min
Investor 010,V9X,Richmond,BC,76,49.202208,-123.180748,High,Do Not Contact,98.5,51.5,Vancouver,138.04,105.6,185.03,68.1,Distant - More than 300 km,Very Close - up to 15 min,Medium Range - up to 100 km,Close - up to 30 min
Investor 011,V0X,Langley,BC,101,49.075298,-122.614655,Top,Top Priority Contacts,63.1,50.9,Vancouver,125.95,11.4,140.25,60.1,Nearby - up to 30 km,Very Long Trip - More than 120 min,Distant - More than 300 km,Very Close - up to 15 min
Investor 012,V1X,Surrey,BC,47,49.065377,-122.845523,Low,Do Not Contact,108.9,47.2,Vancouver,41.01,87.0,63.22,22.1,Local - up to 10 km,Close - up to 30 min,Nearby - up to 30 km,Moderate - up to 60 min
Investor 013,V2X,Kelowna,BC,47,49.838789,-119.519879,Top,Do Not Contact,77.1,50.1,Vancouver,161.34,60.1,102.99,108.2,Medium Range - up to 100 km,Close - up to 30 min,Distant - More than 300 km,Close - up to 30 min
Investor 014,V3X,Surrey,BC,209,49.111668,-122.80553,Medium,Top Priority Contacts,89.3,49.1,Vancouver,177.15,98.0,93.41,51.3,Local - up to 10 km,Very Long Trip - More than 120 min,Distant - More than 300 km,Very Close - up to 15 min
Investor 015,V4X,Kelowna,BC,53,49.874719,-119.458464,Medium,Potential Contacts,57.6,44.5,Vancouver,4.85,57.4,20.21,91.0,Local - up to 10 km,Moderate - up to 60 min,Local - up to 10 km,Moderate - up to 60 min
Investor 016,V5X,Richmond,BC,78,49.127134,-123.173625,Top,Do Not Contact,95.9,54.0,Vancouver,66.82,46.3,36.28,106.6,Medium Range - up to 100 km,Close - up to 30 min,Local - up to 10 km,Moderate - up to 60 min
Investor 017,V6X,Victoria,BC,241,48.475513,-123.350677,Medium,Pending Contact Method,79.5,41.2,Vancouver,158.08,93.0,167.08,24.5,Nearby - up to 30 km,Very Long Trip - More than 120 min,Distant - More than 300 km,Close - up to 30 min
Investor 018,V7X,Burnaby,BC,53,49.238497,-122.998534,Top,Pending Contact Method,98.7,51.3,Vancouver,92.85,106.4,85.34,41.6,Distant - More than 300 km,Very Close - up to 15 min,Medium Range - up to 100 km,Close - up to 30 min
Investor 019,V8X,Vancouver,BC,283,49.255156,-123.131797,High,Top Priority Contacts,71.0,38.4,Vancouver,193.58,105.5,172.38,115.4,Medium Range - up to 100 km,Moderate - up to 60 min,Distant - More than 300 km,Very Long Trip - More than 120 min
Investor 020,V9X,Langley,BC,68,49.144503,-122.613603,Top,Pending Contact Method,50.8,53.1,Vancouver,175.92,81.1,165.33,96.0,Nearby - up to 30 km,Moderate - up to 60 min,Medium Range - up to 100 km,Very Close - up to 15 min
Investor 021,V0X,Coquitlam,BC,50,49.293518,-122.769793,Medium,Top Priority Contacts,97.6,54.8,Vancouver,127.38,98.5,147.83,49.1,Medium Range - up to 100 km,Very Long Trip - More than 120 min,Distant - More than 300 km,Very Long Trip - More than 120 min
Investor 022,V1X,Kelowna,BC,591,49.886942,-119.493563,Medium,High-Potential Contacts,66.2,41.9,Vancouver,117.14,118.9,83.3,74.5,Distant - More than 300 km,Very Long Trip - More than 120 min,Medium Range - up to 100 km,Moderate - up to 60 min
Investor 023,V2X,Surrey,BC,138,49.152991,-122.751943,Low,Top Priority Contacts,101.5,45.4,Vancouver,16.55,105.6,177.69,12.5,Distant - More than 300 km,Close - up to 30 min,Medium Range - up to 100 km,Moderate - up to 60 min
Investor 024,V3X,Surrey,BC,322,49.064185,-122.821055,Top,Potential Contacts,114.4,40.5,Vancouver,18.94,83.5,21.07,31.6,Medium Range - up to 100 km,Moderate - up to 60 min,Distant - More than 300 km,Very Long Trip - More than 120 min
Investor 025,V4X,Burnaby,BC,174,49.259461,-122.96717,Low,Potential Contacts,71.1,51.1,Vancouver,58.11,44.0,192.27,60.3,Distant - More than 300 km,Very Close - up to 15 min,Medium Range - up to 100 km,Very Long Trip - More than 120 min
Investor 026,V5X,Langley,BC,222,49.09283,-122.636852,Top,Top Priority Contacts,82.2,43.4,Vancouver,132.52,86.0,8.8,68.3,Distant - More than 300 km,Moderate - up to 60 min,Nearby - up to 30 km,Very Close - up to 15 min
Investor 027,V6X,Burnaby,BC,165,49.199732,-123.011814,Low,Top Priority Contacts,125.5,50.3,Vancouver,197.06,62.7,89.19,32.2,Nearby - up to 30 km,Very Close - up to 15 min,Nearby - up to 30 km,Moderate - up to 60 min
Investor 028,V7X,Coquitlam,BC,565,49.317193,-122.801677,Low,Do Not Contact,88.9,44.0,Vancouver,74.37,94.8,159.72,75.1,Local - up to 10 km,Close - up to 30 min,Distant - More than 300 km,Moderate - up to 60 min
Investor 029,V8X,Coquitlam,BC,81,49.320079,-122.810568,Low,Top Priority Contacts,133.3,69.2,Vancouver,145.05,110.8,122.04,98.2,Nearby - up to 30 km,Moderate - up to 60 min,Distant - More than 300 km,Moderate - up to 60 min
Investor 030,V9X,Langley,BC,507,49.107744,-122.703805,High,Top Priority Contacts,81.1,60.6,Vancouver,199.36,53.3,51.99,66.5,Local - up to 10 km,Close - up to 30 min,Distant - More than 300 km,Very Long Trip - More than 120 min
Investor 031,V0X,Victoria,BC,197,48.407365,-123.327585,Top,Potential Contacts,93.1,43.0,Vancouver,161.03,28.1,85.46,83.0,Medium Range - up to 100 km,Very Long Trip - More than 120 min,Nearby - up to 30 km,Moderate - up to 60 min
Investor 032,V1X,Nanaimo,BC,50,49.184716,-123.964985,High,Top Priority Contacts,75.8,44.6,Vancouver,22.43,34.3,76.51,79.7,Nearby - up to 30 km,Very Close - up to 15 min,Distant - More than 300 km,Close - up to 30 min
Investor 033,V2X,Nanaimo,BC,87,49.209845,-123.961418,Top,Pending Contact Method,65.6,42.7,Vancouver,99.14,93.3,131.73,81.0,Medium Range - up to 100 km,Moderate - up to 60 min,Local - up to 10 km,Moderate - up to 60 min
Investor 034,V3X,Langley,BC,169,49.068666,-122.679803,High,Pending Contact Method,103.6,52.9,Vancouver,110.07,46.7,170.48,79.9,Nearby - up to 30 km,Moderate - up to 60 min,Nearby - up to 30 km,Very Close - up to 15 min
Investor 035,V4X,Richmond,BC,131,49.144981,-123.161626,High,High-Potential Contacts,88.0,60.3,Vancouver,135.29,28.9,178.56,111.9,Distant - More than 300 km,Very Close - up to 15 min,Medium Range - up to 100 km,Moderate - up to 60 min
Investor 036,V5X,Nanaimo,BC,82,49.142109,-123.928259,High,Do Not Contact,82.1,51.3,Vancouver,77.1,104.6,86.79,81.7,Local - up to 10 km,Very Close - up to 15 min,Medium Range - up to 100 km,Very Long Trip - More than 120 min
Investor 037,V6X,Nanaimo,BC,118,49.211109,-123.945558,Low,Low-Potential Contacts,117.7,46.3,Vancouver,149.42,47.5,57.04,70.4,Local - up to 10 km,Close - up to 30 min,Medium Range - up to 100 km,Very Close - up to 15 min
Investor 038,V7X,Nanaimo,BC,163,49.176753,-123.89763,Low,Pending Contact Method,121.3,47.3,Vancouver,168.64,12.6,1.95,27.7,Medium Range - up to 100 km,Close - up to 30 min,Nearby - up to 30 km,Close - up to 30 min
Investor 039,V8X,Kelowna,BC,67,49.8708,-119.463372,Top,Top Priority Contacts,92.6,46.3,Vancouver,8.09,38.8,134.18,55.6,Nearby - up to 30 km,Moderate - up to 60 min,Nearby - up to 30 km,Close - up to 30 min
Investor 040,V9X,Coquitlam,BC,138,49.332999,-122.802771,High,Potential Contacts,103.1,43.1,Vancouver,3.29,117.4,177.36,52.7,Medium Range - up to 100 km,Very Close - up to 15 min,Medium Range - up to 100 km,Close - up to 30 min
Investor 041,V0X,Victoria,BC,98,48.423795,-123.375132,Medium,High-Potential Contacts,88.4,47.2,Vancouver,42.69,33.2,56.53,118.6,Medium Range - up to 100 km,Very Close - up to 15 min,Nearby - up to 30 km,Close - up to 30 min
Investor 042,V1X,Burnaby,BC,532,49.268327,-122.943092,Medium,Do Not Contact,93.4,54.4,Vancouver,30.81,112.8,18.93,116.2,Local - up to 10 km,Very Close - up to 15 min,Local - up to 10 km,Very Close - up to 15 min
Investor 043,V2X,Abbotsford,BC,27,49.054329,-122.292579,Medium,Pending Contact Method,88.3,47.9,Vancouver,141.43,53.4,156.62,103.2,Nearby - up to 30 km,Very Long Trip - More than 120 min,Local - up to 10 km,Very Long Trip - More than 120 min
Investor 044,V3X,Victoria,BC,191,48.398146,-123.374548,Medium,Pending Contact Method,93.1,61.1,Vancouver,73.85,53.9,74.21,12.8,Medium Range - up to 100 km,Very Long Trip - More than 120 min,Nearby - up to 30 km,Very Long Trip - More than 120 min
Investor 045,V4X,Langley,BC,30,49.113853,-122.695071,Low,Top Priority Contacts,101.9,44.9,Vancouver,113.41,93.1,139.13,67.3,Local - up to 10 km,Close - up to 30 min,Distant - More than 300 km,Very Long Trip - More than 120 min
Investor 046,V5X,Nanaimo,BC,275,49.137699,-123.963852,Low,High-Potential Contacts,83.7,50.4,Vancouver,46.88,68.7,71.79,85.7,Medium Range - up to 100 km,Close - up to 30 min,Medium Range - up to 100 km,Moderate - up to 60 min
Investor 047,V6X,Coquitlam,BC,106,49.302151,-122.790932,Low,High-Potential Contacts,120.8,64.1,Vancouver,87.32,10.5,157.73,109.3,Medium Range - up to 100 km,Very Close - up to 15 min,Medium Range - up to 100 km,Close - up to 30 min
Investor 048,V7X,Nanaimo,BC,128,49.205298,-123.898655,Top,Potential Contacts,65.7,58.4,Vancouver,77.47,83.0,151.92,104.3,Distant - More than 300 km,Close - up to 30 min,Nearby - up to 30 km,Very Close - up to 15 min
Investor 049,V8X,Vancouver,BC,339,49.322044,-123.09745,Medium,Low-Potential Contacts,102.0,43.5,Vancouver,60.09,105.3,73.28,30.7,Distant - More than 300 km,Close - up to 30 min,Nearby - up to 30 km,Moderate - up to 60 min
Investor 050,V9X,Abbotsford,BC,86,49.031511,-122.29704,Medium,High-Potential Contacts,89.5,42.7,Vancouver,118.54,33.5,64.29,42.7,Nearby - up to 30 km,Very Long Trip - More than 120 min,Distant - More than 300 km,Very Long Trip - More than 120 min
Investor 051,V0X,Langley,BC,67,49.146513,-122.685687,Low,Top Priority Contacts,50.4,54.9,Vancouver,87.41,39.2,21.54,52.3,Local - up to 10 km,Very Long Trip - More than 120 min,Distant - More than 300 km,Close - up to 30 min
Investor 052,V1X,Richmond,BC,106,49.136446,-123.135953,Medium,Top Priority Contacts,102.0,51.6,Vancouver,162.33,76.0,189.28,79.8,Local - up to 10 km,Moderate - up to 60 min,Distant - More than 300 km,Very Long Trip - More than 120 min
Investor 053,V2X,Langley,BC,119,49.095581,-122.653187,Top,Top Priority Contacts,81.0,55.7,Vancouver,15.55,37.8,100.42,44.3,Distant - More than 300 km,Close - up to 30 min,Medium Range - up to 100 km,Moderate - up to 60 min
Investor 054,V3X,Kelowna,BC,126,49.872477,-119.509414,Medium,Top Priority Contacts,80.0,39.2,Vancouver,183.72,48.4,19.4,12.5,Distant - More than 300 km,Very Close - up to 15 min,Nearby - up to 30 km,Moderate - up to 60 min
Investor 055,V4X,Victoria,BC,618,48.430199,-123.347475,Medium,Top Priority Contacts,88.1,49.2,Vancouver,192.16,19.3,58.23,70.1,Distant - More than 300 km,Very Long Trip - More than 120 min,Medium Range - up to 100 km,Very Close - up to 15 min
Investor 056,V5X,Burnaby,BC,106,49.272156,-123.025426,Top,Low-Potential Contacts,85.8,41.7,Vancouver,174.21,41.5,24.54,63.9,Medium Range - up to 100 km,Moderate - up to 60 min,Medium Range - up to 100 km,Close - up to 30 min
Investor 057,V6X,Richmond,BC,53,49.198817,-123.127165,Low,Do Not Contact,48.7,58.0,Vancouver,105.89,41.7,8.44,119.0,Local - up to 10 km,Very Close - up to 15 min,Local - up to 10 km,Close - up to 30 min
Investor 058,V7X,Coquitlam,BC,170,49.329468,-122.84039,Low,Do Not Contact,65.5,56.3,Vancouver,11.92,117.0,33.51,114.8,Distant - More than 300 km,Close - up to 30 min,Nearby - up to 30 km,Moderate - up to 60 min
Investor 059,V8X,Abbotsford,BC,218,49.002301,-122.344744,Medium,High-Potential Contacts,43.9,55.4,Vancouver,144.51,68.8,120.24,25.8,Distant - More than 300 km,Moderate - up to 60 min,Medium Range - up to 100 km,Very Long Trip - More than 120 min
Investor 060,V9X,Abbotsford,BC,205,49.006716,-122.294795,Medium,Low-Potential Contacts,47.7,43.4,Vancouver,185.49,92.2,171.16,117.5,Local - up to 10 km,Moderate - up to 60 min,Medium Range - up to 100 km,Very Close - up to 15 min
Investor 061,V0X,Kelowna,BC,126,49.905451,-119.45727,Medium,Pending Contact Method,79.8,46.2,Vancouver,137.11,36.9,25.86,31.5,Local - up to 10 km,Very Long Trip - More than 120 min,Medium Range - up to 100 km,Close - up to 30 min
Investor 062,V1X,Vancouver,BC,89,49.267738,-123.074776,Low,High-Potential Contacts,81.9,45.8,Vancouver,113.93,48.6,32.61,51.1,Distant - More than 300 km,Close - up to 30 min,Nearby - up to 30 km,Very Close - up to 15 min
Investor 063,V2X,Abbotsford,BC,244,49.05862,-122.351617,Top,High-Potential Contacts,73.5,42.6,Vancouver,13.17,87.2,127.98,83.2,Local - up to 10 km,Very Long Trip - More than 120 min,Medium Range - up to 100 km,Very Long Trip - More than 120 min
Investor 064,V3X,Burnaby,BC,127,49.219151,-122.948898,Low,Pending Contact Method,124.6,65.4,Vancouver,141.2,89.9,28.52,89.5,Nearby - up to 30 km,Very Long Trip - More than 120 min,Distant - More than 300 km,Very Close - up to 15 min
Investor 065,V4X,Burnaby,BC,46,49.211642,-122.990607,High,Do Not Contact,73.9,37.8,Vancouver,130.83,51.8,49.1,16.3,Medium Range - up to 100 km,Very Long Trip - More than 120 min,Distant - More than 300 km,Moderate - up to 60 min
Investor 066,V5X,Burnaby,BC,141,49.270843,-122.969584,Low,Do Not Contact,128.8,37.8,Vancouver,92.83,20.0,145.16,117.3,Medium Range - up to 100 km,Moderate - up to 60 min,Medium Range - up to 100 km,Very Long Trip - More than 120 min
Investor 067,V6X,Richmond,BC,170,49.167778,-123.17874,High,Potential Contacts,146.7,36.3,Vancouver,68.42,52.0,110.31,72.5,Medium Range - up to 100 km,Close - up to 30 min,Medium Range - up to 100 km,Moderate - up to 60 min
Investor 068,V7X,Richmond,BC,237,49.184402,-123.169166,Low,Potential Contacts,76.4,54.5,Vancouver,85.12,76.2,30.12,11.7,Distant - More than 300 km,Moderate - up to 60 min,Medium Range - up to 100 km,Moderate - up to 60 min
Investor 069,V8X,Surrey,BC,168,49.062868,-122.776717,Low,Low-Potential Contacts,86.8,49.5,Vancouver,166.2,72.5,114.91,36.7,Medium Range - up to 100 km,Close - up to 30 min,Medium Range - up to 100 km,Very Close - up to 15 min
Investor 070,V9X,Langley,BC,77,49.086707,-122.702245,Top,Potential Contacts,119.4,35.7,Vancouver,126.54,32.0,92.42,41.8,Distant - More than 300 km,Moderate - up to 60 min,Distant - More than 300 km,Close - up to 30 min
Investor 071,V0X,Richmond,BC,95,49.210593,-123.17203,Medium,Do Not Contact,50.4,45.6,Vancouver,157.96,107.4,139.1,59.1,Medium Range - up to 100 km,Close - up to 30 min,Local - up to 10 km,Close - up to 30 min
Investor 072,V1X,Richmond,BC,27,49.124545,-123.147039,Top,Pending Contact Method,70.2,55.1,Vancouver,189.96,32.3,111.88,27.1,Nearby - up to 30 km,Close - up to 30 min,Local - up to 10 km,Very Close - up to 15 min
Investor 073,V2X,Kelowna,BC,273,49.925103,-119.495422,Medium,Pending Contact Method,135.7,42.1,Vancouver,146.79,117.4,1.12,28.7,Distant - More than 300 km,Very Close - up to 15 min,Nearby - up to 30 km,Very Close - up to 15 min
Investor 074,V3X,Victoria,BC,177,48.414253,-123.401073,High,Low-Potential Contacts,120.2,45.6,Vancouver,151.11,10.2,161.49,36.9,Distant - More than 300 km,Very Long Trip - More than 120 min,Nearby - up to 30 km,Moderate - up to 60 min
Investor 075,V4X,Coquitlam,BC,106,49.26231,-122.801742,Medium,Pending Contact Method,133.6,56.2,Vancouver,115.51,99.4,15.6,25.0,Local - up to 10 km,Very Close - up to 15 min,Nearby - up to 30 km,Very Close - up to 15 min
Investor 076,V5X,Burnaby,BC,199,49.226065,-122.957204,Low,High-Potential Contacts,127.8,54.5,Vancouver,13.72,97.4,12.81,55.4,Local - up to 10 km,Very Long Trip - More than 120 min,Distant - More than 300 km,Close - up to 30 min
Investor 077,V6X,Langley,BC,109,49.055175,-122.662343,Top,Top Priority Contacts,98.2,52.5,Vancouver,117.81,55.5,108.33,68.7,Medium Range - up to 100 km,Very Close - up to 15 min,Medium Range - up to 100 km,Moderate - up to 60 min
Investor 078,V7X,Nanaimo,BC,105,49.152206,-123.944057,Low,High-Potential Contacts,120.0,50.9,Vancouver,186.67,31.7,103.57,117.9,Distant - More than 300 km,Moderate - up to 60 min,Nearby - up to 30 km,Very Close - up to 15 min
Investor 079,V8X,Coquitlam,BC,120,49.292365,-122.759747,High,Pending Contact Method,132.6,45.5,Vancouver,167.2,64.3,170.43,16.9,Distant - More than 300 km,Moderate - up to 60 min,Nearby - up to 30 km,Very Close - up to 15 min
Investor 080,V9X,Coquitlam,BC,95,49.317305,-122.766097,Medium,Do Not Contact,99.7,33.2,Vancouver,195.67,97.2,122.71,72.4,Nearby - up to 30 km,Close - up to 30 min,Distant - More than 300 km,Very Long Trip - More than 120 min
Investor 081,V0X,Victoria,BC,495,48.404532,-123.325902,Medium,Top Priority Contacts,106.5,48.1,Vancouver,187.83,10.7,29.66,63.3,Distant - More than 300 km,Very Close - up to 15 min,Nearby - up to 30 km,Close - up to 30 min
Investor 082,V1X,Nanaimo,BC,169,49.154276,-123.940479,Medium,High-Potential Contacts,108.6,38.9,Vancouver,165.77,21.9,187.13,75.6,Local - up to 10 km,Moderate - up to 60 min,Distant - More than 300 km,Close - up to 30 min
Investor 083,V2X,Nanaimo,BC,308,49.196204,-123.952842,Medium,Potential Contacts,71.3,27.8,Vancouver,184.46,92.7,85.73,108.2,Medium Range - up to 100 km,Very Close - up to 15 min,Medium Range - up to 100 km,Moderate - up to 60 min
Investor 084,V3X,Richmond,BC,203,49.141746,-123.112451,Top,Pending Contact Method,93.1,50.2,Vancouver,59.62,20.4,12.41,24.0,Local - up to 10 km,Very Long Trip - More than 120 min,Medium Range - up to 100 km,Close - up to 30 min
Investor 085,V4X,Kelowna,BC,103,49.929334,-119.455282,Medium,Pending Contact Method,85.2,47.7,Vancouver,16.68,106.6,132.56,102.2,Local - up to 10 km,Moderate - up to 60 min,Medium Range - up to 100 km,Close - up to 30 min
Investor 086,V5X,Richmond,BC,75,49.209347,-123.116219,High,Low-Potential Contacts,117.2,61.6,Vancouver,129.16,22.8,61.67,13.6,Nearby - up to 30 km,Very Long Trip - More than 120 min,Medium Range - up to 100 km,Very Long Trip - More than 120 min
Investor 087,V6X,Victoria,BC,98,48.383923,-123.329894,Low,Do Not Contact,106.0,50.4,Vancouver,128.92,58.8,169.35,21.5,Nearby - up to 30 km,Close - up to 30 min,Local - up to 10 km,Very Long Trip - More than 120 min
Investor 088,V7X,Victoria,BC,158,48.450418,-123.366537,Medium,Top Priority Contacts,81.1,44.7,Vancouver,165.12,79.1,151.35,16.3,Local - up to 10 km,Very Close - up to 15 min,Nearby - up to 30 km,Close - up to 30 min
Investor 089,V8X,Burnaby,BC,174,49.20246,-122.940816,Medium,Do Not Contact,77.5,63.1,Vancouver,32.23,115.9,60.58,28.6,Distant - More than 300 km,Very Close - up to 15 min,Nearby - up to 30 km,Very Long Trip - More than 120 min
Investor 090,V9X,Surrey,BC,85,49.070912,-122.80906,Low,Top Priority Contacts,95.1,50.4,Vancouver,105.54,41.6,156.94,86.3,Distant - More than 300 km,Close - up to 30 min,Distant - More than 300 km,Very Long Trip - More than 120 min
Investor 091,V0X,Abbotsford,BC,236,49.006841,-122.340544,Top,Do Not Contact,99.6,48.3,Vancouver,156.25,27.4,68.49,79.8,Distant - More than 300 km,Moderate - up to 60 min,Local - up to 10 km,Very Long Trip - More than 120 min
Investor 092,V1X,Langley,BC,74,49.10193,-122.698818,Top,Pending Contact Method,102.3,42.2,Vancouver,32.83,86.8,89.02,46.2,Nearby - up to 30 km,Very Close - up to 15 min,Local - up to 10 km,Very Long Trip - More than 120 min
Investor 093,V2X,Coquitlam,BC,202,49.244073,-122.826191,Top,Do Not Contact,72.4,58.5,Vancouver,169.25,52.2,109.14,83.7,Local - up to 10 km,Very Close - up to 15 min,Distant - More than 300 km,Very Close - up to 15 min
Investor 094,V3X,Langley,BC,50,49.112675,-122.638953,Low,High-Potential Contacts,75.5,33.1,Vancouver,63.85,13.0,155.19,36.8,Nearby - up to 30 km,Very Long Trip - More than 120 min,Medium Range - up to 100 km,Very Long Trip - More than 120 min
Investor 095,V4X,Nanaimo,BC,149,49.193166,-123.941672,Low,Low-Potential Contacts,113.8,40.9,Vancouver,74.6,74.9,68.8,21.3,Local - up to 10 km,Close - up to 30 min,Medium Range - up to 100 km,Very Close - up to 15 min
Investor 096,V5X,Burnaby,BC,277,49.250739,-122.959201,Low,Do Not Contact,92.9,43.5,Vancouver,48.22,114.3,43.5,88.0,Nearby - up to 30 km,Close - up to 30 min,Local - up to 10 km,Very Close - up to 15 min
Investor 097,V6X,Langley,BC,150,49.103904,-122.659795,Low,Pending Contact Method,97.8,45.3,Vancouver,84.7,46.2,126.64,59.4,Distant - More than 300 km,Very Long Trip - More than 120 min,Nearby - up to 30 km,Close - up to 30 min
Investor 098,V7X,Nanaimo,BC,94,49.163559,-123.934101,Medium,High-Potential Contacts,96.6,40.4,Vancouver,48.84,79.6,87.42,25.1,Medium Range - up to 100 km,Close - up to 30 min,Local - up to 10 km,Very Close - up to 15 min
Investor 099,V8X,Kelowna,BC,472,49.916461,-119.52127,Top,High-Potential Contacts,21.8,57.3,Vancouver,88.71,83.1,1.5,93.8,Nearby - up to 30 km,Very Close - up to 15 min,Local - up to 10 km,Very Close - up to 15 min
Investor 100,V9X,Nanaimo,BC,213,49.149111,-123.903144,Top,High-Potential Contacts,100.4,45.8,Vancouver,163.53,82.8,133.83,55.4,Local - up to 10 km,Very Long Trip - More than 120 min,Distant - More than 300 km,Close - up to 30 min
Investor 101,V0X,Victoria,BC,292,48.458946,-123.328069,High,Top Priority Contacts,114.9,45.7,Vancouver,21.47,54.8,75.48,64.5,Nearby - up to 30 km,Moderate - up to 60 min,Nearby - up to 30 km,Moderate - up to 60 min
Investor 102,V1X,Abbotsford,BC,422,49.099745,-122.262073,Medium,High-Potential Contacts,74.6,39.8,Vancouver,104.82,58.6,145.84,79.9,Medium Range - up to 100 km,Close - up to 30 min,Nearby - up to 30 km,Very Long Trip - More than 120 min
Investor 103,V2X,Langley,BC,268,49.125941,-122.684978,Medium,Top Priority Contacts,120.1,40.1,Vancouver,77.41,64.2,86.28,65.0,Nearby - up to 30 km,Very Long Trip - More than 120 min,Distant - More than 300 km,Very Close - up to 15 min
Investor 104,V3X,Coquitlam,BC,116,49.244448,-122.745308,Low,Do Not Contact,108.5,40.2,Vancouver,178.37,35.6,165.56,59.5,Medium Range - up to 100 km,Very Long Trip - More than 120 min,Distant - More than 300 km,Close - up to 30 min
Investor 105,V4X,Langley,BC,67,49.096141,-122.664585,Low,High-Potential Contacts,57.6,47.5,Vancouver,66.45,13.1,170.23,19.8,Distant - More than 300 km,Close - up to 30 min,Nearby - up to 30 km,Moderate - up to 60 min
Investor 106,V5X,Burnaby,BC,94,49.265649,-122.94738,Low,Top Priority Contacts,101.0,41.9,Vancouver,99.67,51.9,198.91,96.8,Distant - More than 300 km,Very Long Trip - More than 120 min,Nearby - up to 30 km,Very Long Trip - More than 120 min
Investor 107,V6X,Richmond,BC,113,49.191144,-123.173241,Medium,High-Potential Contacts,83.4,47.4,Vancouver,100.96,16.3,6.17,39.2,Medium Range - up to 100 km,Very Close - up to 15 min,Distant - More than 300 km,Moderate - up to 60 min
Investor 108,V7X,Surrey,BC,346,49.152019,-122.806038,High,Top Priority Contacts,86.8,49.9,Vancouver,181.75,85.3,155.57,51.7,Medium Range - up to 100 km,Very Long Trip - More than 120 min,Local - up to 10 km,Very Close - up to 15 min
Investor 109,V8X,Richmond,BC,85,49.186352,-123.152716,High,Low-Potential Contacts,21.5,46.6,Vancouver,105.52,37.5,138.53,49.8,Nearby - up to 30 km,Moderate - up to 60 min,Medium Range - up to 100 km,Very Close - up to 15 min
Investor 110,V9X,Richmond,BC,62,49.195077,-123.111684,High,Pending Contact Method,74.4,49.5,Vancouver,183.14,66.3,197.06,76.0,Local - up to 10 km,Very Long Trip - More than 120 min,Nearby - up to 30 km,Close - up to 30 min
Investor 111,V0X,Kelowna,BC,131,49.916,-119.51928,High,Do Not Contact,65.7,39.1,Vancouver,47.41,92.5,192.83,76.6,Medium Range - up to 100 km,Moderate - up to 60 min,Distant - More than 300 km,Very Long Trip - More than 120 min
Investor 112,V1X,Victoria,BC,115,48.464818,-123.34233,Medium,Potential Contacts,69.5,49.1,Vancouver,9.99,119.2,123.69,109.8,Medium Range - up to 100 km,Moderate - up to 60 min,Distant - More than 300 km,Very Long Trip - More than 120 min
Investor 113,V2X,Surrey,BC,41,49.151893,-122.779547,Low,Potential Contacts,93.0,51.5,Vancouver,95.98,86.1,114.31,106.9,Nearby - up to 30 km,Moderate - up to 60 min,Medium Range - up to 100 km,Very Long Trip - More than 120 min
Investor 114,V3X,Vancouver,BC,34,49.278773,-123.148032,High,Pending Contact Method,127.3,46.9,Vancouver,96.19,23.0,38.67,56.2,Nearby - up to 30 km,Very Close - up to 15 min,Medium Range - up to 100 km,Very Long Trip - More than 120 min
Investor 115,V4X,Langley,BC,56,49.100737,-122.693127,High,High-Potential Contacts,103.0,45.8,Vancouver,36.26,48.5,146.04,54.5,Medium Range - up to 100 km,Close - up to 30 min,Distant - More than 300 km,Close - up to 30 min
Investor 116,V5X,Nanaimo,BC,180,49.123999,-123.952297,Medium,Potential Contacts,114.2,36.4,Vancouver,152.11,12.6,17.22,95.6,Distant - More than 300 km,Very Long Trip - More than 120 min,Distant - More than 300 km,Close - up to 30 min
Investor 117,V6X,Coquitlam,BC,373,49.26295,-122.784769,High,High-Potential Contacts,78.1,50.7,Vancouver,57.38,87.1,93.8,77.3,Distant - More than 300 km,Close - up to 30 min,Local - up to 10 km,Very Close - up to 15 min
Investor 118,V7X,Surrey,BC,179,49.070487,-122.791418,Top,Top Priority Contacts,66.3,56.0,Vancouver,18.87,52.0,24.07,91.2,Distant - More than 300 km,Close - up to 30 min,Nearby - up to 30 km,Very Close - up to 15 min
Investor 119,V8X,Burnaby,BC,34,49.234435,-122.946784,Top,High-Potential Contacts,75.7,54.3,Vancouver,193.83,37.9,149.0,81.9,Distant - More than 300 km,Moderate - up to 60 min,Local - up to 10 km,Very Long Trip - More than 120 min
Investor 120,V9X,Nanaimo,BC,257,49.132977,-123.980634,Top,Top Priority Contacts,68.6,48.7,Vancouver,114.36,14.1,77.8,11.0,Distant - More than 300 km,Very Close - up to 15 min,Local - up to 10 km,Moderate - up to 60 min
Investor 121,V0X,Victoria,BC,150,48.467018,-123.414623,Medium,Top Priority Contacts,129.2,61.6,Vancouver,84.08,49.7,130.51,108.0,Distant - More than 300 km,Close - up to 30 min,Local - up to 10 km,Very Close - up to 15 min
Investor 122,V1X,Victoria,BC,88,48.441842,-123.373929,High,High-Potential Contacts,89.1,51.6,Vancouver,128.08,29.3,96.08,103.2,Nearby - up to 30 km,Moderate - up to 60 min,Medium Range - up to 100 km,Moderate - up to 60 min
Investor 123,V2X,Kelowna,BC,298,49.908178,-119.46209,Top,Potential Contacts,83.9,52.0,Vancouver,124.3,12.0,53.39,102.4,Distant - More than 300 km,Very Long Trip - More than 120 min,Nearby - up to 30 km,Close - up to 30 min
Investor 124,V3X,Langley,BC,171,49.072574,-122.666508,Top,Pending Contact Method,136.8,45.7,Vancouver,23.26,18.9,89.3,102.9,Local - up to 10 km,Very Close - up to 15 min,Distant - More than 300 km,Very Long Trip - More than 120 min
Investor 125,V4X,Kelowna,BC,145,49.895232,-119.455834,Low,Top Priority Contacts,97.0,45.1,Vancouver,193.41,31.5,84.0,41.5,Local - up to 10 km,Close - up to 30 min,Local - up to 10 km,Very Long Trip - More than 120 min
Investor 126,V5X,Kelowna,BC,63,49.867191,-119.542168,Medium,Do Not Contact,98.3,49.2,Vancouver,150.94,48.9,46.39,86.4,Local - up to 10 km,Very Close - up to 15 min,Nearby - up to 30 km,Close - up to 30 min
Investor 127,V6X,Abbotsford,BC,111,49.096292,-122.31744,Low,Potential Contacts,93.1,55.2,Vancouver,74.87,111.8,66.34,54.7,Local - up to 10 km,Very Close - up to 15 min,Medium Range - up to 100 km,Very Close - up to 15 min
Investor 128,V7X,Burnaby,BC,51,49.201039,-123.01801,Medium,Top Priority Contacts,99.9,21.2,Vancouver,61.79,20.5,76.45,80.8,Nearby - up to 30 km,Close - up to 30 min,Distant - More than 300 km,Very Close - up to 15 min
Investor 129,V8X,Langley,BC,259,49.061586,-122.693952,High,Do Not Contact,115.2,48.3,Vancouver,169.16,20.4,122.71,118.3,Nearby - up to 30 km,Very Long Trip - More than 120 min,Medium Range - up to 100 km,Very Long Trip - More than 120 min
Investor 130,V9X,Burnaby,BC,101,49.209471,-123.013393,Top,Do Not Contact,75.7,41.8,Vancouver,51.62,110.7,144.32,34.0,Medium Range - up to 100 km,Very Close - up to 15 min,Local - up to 10 km,Very Long Trip - More than 120 min
Investor 131,V0X,Richmond,BC,211,49.125637,-123.146677,Top,Potential Contacts,114.4,53.0,Vancouver,144.68,113.0,25.1,13.5,Distant - More than 300 km,Moderate - up to 60 min,Local - up to 10 km,Moderate - up to 60 min
Investor 132,V1X,Nanaimo,BC,582,49.197981,-123.893508,Low,High-Potential Contacts,119.9,47.7,Vancouver,163.64,49.0,122.54,10.6,Medium Range - up to 100 km,Very Long Trip - More than 120 min,Distant - More than 300 km,Close - up to 30 min
Investor 133,V2X,Abbotsford,BC,128,49.027044,-122.34543,Low,Top Priority Contacts,103.6,58.5,Vancouver,131.64,30.2,193.83,62.2,Medium Range - up to 100 km,Close - up to 30 min,Local - up to 10 km,Very Close - up to 15 min
Investor 134,V3X,Langley,BC,143,49.106405,-122.641272,High,Low-Potential Contacts,121.1,43.7,Vancouver,127.87,117.3,119.28,74.8,Nearby - up to 30 km,Very Long Trip - More than 120 min,Medium Range - up to 100 km,Moderate - up to 60 min
Investor 135,V4X,Surrey,BC,139,49.065134,-122.802032,Top,Top Priority Contacts,75.4,52.8,Vancouver,85.41,58.2,179.47,64.6,Medium Range - up to 100 km,Very Long Trip - More than 120 min,Medium Range - up to 100 km,Moderate - up to 60 min
Investor 136,V5X,Surrey,BC,39,49.09478,-122.818023,High,Top Priority Contacts,81.8,57.2,Vancouver,114.99,82.4,33.81,23.4,Nearby - up to 30 km,Very Long Trip - More than 120 min,Distant - More than 300 km,Very Long Trip - More than 120 min
Investor 137,V6X,Surrey,BC,274,49.076444,-122.824657,Top,Top Priority Contacts,75.0,59.4,Vancouver,191.73,16.0,46.32,37.4,Medium Range - up to 100 km,Very Close - up to 15 min,Medium Range - up to 100 km,Very Long Trip - More than 120 min
Investor 138,V7X,Vancouver,BC,92,49.308609,-123.144406,Medium,Low-Potential Contacts,92.4,60.8,Vancouver,20.56,83.9,168.54,91.0,Distant - More than 300 km,Very Close - up to 15 min,Nearby - up to 30 km,Close - up to 30 min
Investor 139,V8X,Kelowna,BC,178,49.882255,-119.451506,High,High-Potential Contacts,72.0,36.3,Vancouver,50.59,86.8,23.39,78.0,Medium Range - up to 100 km,Moderate - up to 60 min,Medium Range - up to 100 km,Very Long Trip - More than 120 min
Investor 140,V9X,Burnaby,BC,111,49.251464,-122.994082,Top,High-Potential Contacts,99.1,60.1,Vancouver,26.16,80.3,198.83,111.4,Distant - More than 300 km,Moderate - up to 60 min,Distant - More than 300 km,Moderate - up to 60 min
Investor 141,V0X,Nanaimo,BC,132,49.213174,-123.986615,Top,Potential Contacts,77.5,48.9,Vancouver,196.33,59.4,108.36,11.5,Medium Range - up to 100 km,Close - up to 30 min,Distant - More than 300 km,Close - up to 30 min
Investor 142,V1X,Nanaimo,BC,148,49.196368,-123.89756,Top,High-Potential Contacts,107.7,43.4,Vancouver,173.59,65.8,70.7,29.9,Medium Range - up to 100 km,Very Close - up to 15 min,Distant - More than 300 km,Moderate - up to 60 min
Investor 143,V2X,Abbotsford,BC,547,49.02123,-122.277236,Low,Potential Contacts,103.3,37.0,Vancouver,75.36,50.3,194.41,96.9,Distant - More than 300 km,Moderate - up to 60 min,Distant - More than 300 km,Close - up to 30 min
Investor 144,V3X,Langley,BC,149,49.067797,-122.701659,Medium,Do Not Contact,80.7,41.2,Vancouver,3.44,31.3,100.94,86.5,Nearby - up to 30 km,Very Long Trip - More than 120 min,Medium Range - up to 100 km,Close - up to 30 min
Investor 145,V4X,Kelowna,BC,229,49.874394,-119.53338,Medium,Potential Contacts,136.7,47.6,Vancouver,77.79,52.9,80.7,43.9,Distant - More than 300 km,Close - up to 30 min,Medium Range - up to 100 km,Very Long Trip - More than 120 min
Investor 146,V5X,Langley,BC,126,49.1241,-122.695547,Low,Potential Contacts,111.2,52.5,Vancouver,198.95,16.3,195.29,116.9,Local - up to 10 km,Close - up to 30 min,Nearby - up to 30 km,Very Close - up to 15 min
Investor 147,V6X,Nanaimo,BC,401,49.141273,-123.900412,High,Low-Potential Contacts,128.4,42.2,Vancouver,92.21,113.5,27.27,65.1,Medium Range - up to 100 km,Very Close - up to 15 min,Distant - More than 300 km,Very Long Trip - More than 120 min
Investor 148,V7X,Burnaby,BC,300,49.207473,-122.995644,Medium,High-Potential Contacts,84.5,38.4,Vancouver,197.24,63.0,197.67,34.5,Medium Range - up to 100 km,Close - up to 30 min,Distant - More than 300 km,Very Long Trip - More than 120 min
Investor 149,V8X,Surrey,BC,66,49.107154,-122.817389,Low,Do Not Contact,116.5,47.5,Vancouver,44.21,27.4,115.02,59.0,Distant - More than 300 km,Very Long Trip - More than 120 min,Distant - More than 300 km,Very Close - up to 15 min
Investor 150,V9X,Coquitlam,BC,141,49.286991,-122.774929,Top,Top Priority Contacts,106.7,47.5,Vancouver,44.47,87.9,150.5,54.5,Nearby - up to 30 km,Moderate - up to 60 min,Nearby - up to 30 km,Very Close - up to 15 min
Investor 151,V0X,Abbotsford,BC,222,49.032235,-122.272652,Low,Potential Contacts,84.9,57.1,Vancouver,55.63,116.8,13.49,97.8,Distant - More than 300 km,Very Close - up to 15 min,Local - up to 10 km,Very Close - up to 15 min
Investor 152,V1X,Langley,BC,64,49.081683,-122.679899,High,Do Not Contact,84.5,52.4,Vancouver,78.94,100.3,78.65,111.1,Nearby - up to 30 km,Very Long Trip - More than 120 min,Medium Range - up to 100 km,Very Long Trip - More than 120 min
Investor 153,V2X,Nanaimo,BC,97,49.133864,-123.934898,High,Potential Contacts,129.5,61.4,Vancouver,118.55,103.0,65.06,20.5,Local - up to 10 km,Very Long Trip - More than 120 min,Local - up to 10 km,Moderate - up to 60 min
Investor 154,V3X,Kelowna,BC,175,49.901779,-119.451022,Top,Top Priority Contacts,51.4,52.9,Vancouver,78.9,62.0,111.13,104.7,Nearby - up to 30 km,Moderate - up to 60 min,Medium Range - up to 100 km,Moderate - up to 60 min
Investor 155,V4X,Nanaimo,BC,56,49.210257,-123.952776,High,Do Not Contact,76.1,56.6,Vancouver,132.28,69.8,2.12,29.4,Distant - More than 300 km,Moderate - up to 60 min,Distant - More than 300 km,Very Close - up to 15 min
Investor 156,V5X,Nanaimo,BC,116,49.200637,-123.947203,Low,Potential Contacts,124.8,55.0,Vancouver,193.04,63.6,29.09,118.1,Local - up to 10 km,Moderate - up to 60 min,Local - up to 10 km,Very Close - up to 15 min
Investor 157,V6X,Vancouver,BC,708,49.296789,-123.147026,Medium,Pending Contact Method,63.2,47.9,Vancouver,65.61,52.9,78.47,72.2,Local - up to 10 km,Close - up to 30 min,Nearby - up to 30 km,Close - up to 30 min
Investor 158,V7X,Victoria,BC,310,48.443682,-123.38288,High,Potential Contacts,134.0,54.7,Vancouver,123.63,21.3,50.04,108.1,Distant - More than 300 km,Very Long Trip - More than 120 min,Nearby - up to 30 km,Very Long Trip - More than 120 min
Investor 159,V8X,Burnaby,BC,281,49.247725,-122.984189,High,Pending Contact Method,85.6,41.9,Vancouver,139.09,100.0,12.19,36.2,Distant - More than 300 km,Very Long Trip - More than 120 min,Local - up to 10 km,Close - up to 30 min
Investor 160,V9X,Nanaimo,BC,101,49.144101,-123.933683,Low,Low-Potential Contacts,84.9,61.3,Vancouver,141.87,75.2,154.92,112.4,Local - up to 10 km,Close - up to 30 min,Nearby - up to 30 km,Moderate - up to 60 min
Investor 161,V0X,Surrey,BC,144,49.144667,-122.847367,Top,Do Not Contact,80.2,55.0,Vancouver,139.95,103.0,157.18,58.0,Nearby - up to 30 km,Moderate - up to 60 min,Medium Range - up to 100 km,Close - up to 30 min
Investor 162,V1X,Nanaimo,BC,170,49.159171,-123.929776,Top,Potential Contacts,129.0,57.3,Vancouver,160.21,21.1,177.56,108.4,Distant - More than 300 km,Moderate - up to 60 min,Distant - More than 300 km,Very Long Trip - More than 120 min
Investor 163,V2X,Abbotsford,BC,66,49.040698,-122.322943,Top,Potential Contacts,138.4,47.3,Vancouver,95.5,118.0,119.22,113.9,Medium Range - up to 100 km,Very Long Trip - More than 120 min,Nearby - up to 30 km,Moderate - up to 60 min
Investor 164,V3X,Abbotsford,BC,204,49.007056,-122.271401,Top,Pending Contact Method,83.3,40.7,Vancouver,96.18,56.9,137.25,62.2,Nearby - up to 30 km,Moderate - up to 60 min,Local - up to 10 km,Close - up to 30 min
Investor 165,V4X,Langley,BC,421,49.059098,-122.664413,Top,High-Potential Contacts,92.4,42.7,Vancouver,105.94,70.4,146.54,88.2,Medium Range - up to 100 km,Close - up to 30 min,Distant - More than 300 km,Very Long Trip - More than 120 min
Investor 166,V5X,Abbotsford,BC,541,49.090261,-122.273027,High,Do Not Contact,80.7,35.9,Vancouver,161.16,63.4,100.9,69.9,Distant - More than 300 km,Very Long Trip - More than 120 min,Nearby - up to 30 km,Very Long Trip - More than 120 min
Investor 167,V6X,Victoria,BC,107,48.416947,-123.339353,High,Do Not Contact,94.2,54.1,Vancouver,35.23,96.4,80.54,104.6,Nearby - up to 30 km,Very Long Trip - More than 120 min,Medium Range - up to 100 km,Close - up to 30 min
Investor 168,V7X,Burnaby,BC,139,49.266335,-122.999097,Medium,Low-Potential Contacts,107.9,45.2,Vancouver,100.01,49.2,95.99,43.7,Local - up to 10 km,Moderate - up to 60 min,Local - up to 10 km,Very Long Trip - More than 120 min
Investor 169,V8X,Burnaby,BC,215,49.221263,-123.026358,High,Low-Potential Contacts,87.8,54.7,Vancouver,62.15,51.5,69.43,92.4,Distant - More than 300 km,Very Long Trip - More than 120 min,Distant - More than 300 km,Very Long Trip - More than 120 min
Investor 170,V9X,Nanaimo,BC,51,49.207974,-123.925654,Low,High-Potential Contacts,124.9,48.9,Vancouver,164.52,19.9,1.52,79.7,Local - up to 10 km,Very Close - up to 15 min,Nearby - up to 30 km,Moderate - up to 60 min
Investor 171,V0X,Vancouver,BC,406,49.329647,-123.119964,Medium,High-Potential Contacts,125.4,56.9,Vancouver,172.75,114.5,176.56,100.6,Medium Range - up to 100 km,Close - up to 30 min,Distant - More than 300 km,Very Long Trip - More than 120 min
Investor 172,V1X,Victoria,BC,238,48.388593,-123.404433,Top,Do Not Contact,107.8,49.8,Vancouver,79.53,19.2,118.93,11.6,Local - up to 10 km,Moderate - up to 60 min,Medium Range - up to 100 km,Very Close - up to 15 min
Investor 173,V2X,Nanaimo,BC,49,49.15595,-123.972787,High,Low-Potential Contacts,64.3,51.6,Vancouver,16.37,85.6,143.06,53.4,Local - up to 10 km,Close - up to 30 min,Medium Range - up to 100 km,Very Close - up to 15 min
Investor 174,V3X,Nanaimo,BC,211,49.209131,-123.972057,Medium,Potential Contacts,111.2,39.1,Vancouver,127.98,30.1,144.87,84.6,Local - up to 10 km,Very Long Trip - More than 120 min,Local - up to 10 km,Close - up to 30 min
Investor 175,V4X,Richmond,BC,306,49.128136,-123.085457,Medium,Pending Contact Method,98.4,61.8,Vancouver,162.32,71.1,71.12,42.5,Distant - More than 300 km,Close - up to 30 min,Nearby - up to 30 km,Close - up to 30 min
Investor 176,V5X,Richmond,BC,103,49.211229,-123.177393,Top,Do Not Contact,122.7,47.6,Vancouver,3.26,90.9,172.71,115.4,Medium Range - up to 100 km,Moderate - up to 60 min,Nearby - up to 30 km,Moderate - up to 60 min
Investor 177,V6X,Langley,BC,311,49.116779,-122.660674,Medium,Do Not Contact,72.0,41.9,Vancouver,31.49,23.9,154.87,82.7,Medium Range - up to 100 km,Very Close - up to 15 min,Nearby - up to 30 km,Very Long Trip - More than 120 min
Investor 178,V7X,Vancouver,BC,200,49.279095,-123.095607,Medium,Pending Contact Method,73.3,36.6,Vancouver,114.17,114.3,91.12,60.9,Nearby - up to 30 km,Close - up to 30 min,Nearby - up to 30 km,Close - up to 30 min
Investor 179,V8X,Coquitlam,BC,277,49.32946,-122.778776,High,Pending Contact Method,52.6,49.4,Vancouver,86.2,18.4,101.5,99.4,Distant - More than 300 km,Very Long Trip - More than 120 min,Nearby - up to 30 km,Moderate - up to 60 min
Investor 180,V9X,Kelowna,BC,145,49.846466,-119.531686,Low,Low-Potential Contacts,97.7,45.7,Vancouver,98.87,45.0,43.54,113.8,Local - up to 10 km,Very Close - up to 15 min,Distant - More than 300 km,Moderate - up to 60 min
Investor 181,V0X,Coquitlam,BC,231,49.261391,-122.825295,Low,Low-Potential Contacts,95.9,45.8,Vancouver,65.98,11.8,194.58,66.3,Medium Range - up to 100 km,Very Close - up to 15 min,Local - up to 10 km,Very Long Trip - More than 120 min
Investor 182,V1X,Coquitlam,BC,198,49.306332,-122.76247,Top,Do Not Contact,86.1,30.9,Vancouver,198.86,55.4,22.83,62.0,Distant - More than 300 km,Close - up to 30 min,Distant - More than 300 km,Close - up to 30 min
Investor 183,V2X,Nanaimo,BC,369,49.12525,-123.942984,Medium,Potential Contacts,101.1,57.9,Vancouver,61.13,87.8,129.54,106.6,Medium Range - up to 100 km,Moderate - up to 60 min,Nearby - up to 30 km,Very Long Trip - More than 120 min
Investor 184,V3X,Coquitlam,BC,181,49.270872,-122.792426,Top,Top Priority Contacts,83.5,48.7,Vancouver,47.76,14.9,177.08,58.5,Local - up to 10 km,Very Long Trip - More than 120 min,Local - up to 10 km,Very Close - up to 15 min
Investor 185,V4X,Burnaby,BC,95,49.295661,-122.95439,Low,Low-Potential Contacts,116.1,44.2,Vancouver,81.71,45.6,77.39,24.1,Local - up to 10 km,Very Long Trip - More than 120 min,Nearby - up to 30 km,Close - up to 30 min
Investor 186,V5X,Langley,BC,204,49.132195,-122.621157,High,Potential Contacts,90.2,44.7,Vancouver,62.64,41.4,26.59,86.5,Local - up to 10 km,Moderate - up to 60 min,Medium Range - up to 100 km,Very Close - up to 15 min
Investor 187,V6X,Coquitlam,BC,53,49.244614,-122.768904,High,Top Priority Contacts,134.7,57.1,Vancouver,23.68,108.0,139.46,119.5,Distant - More than 300 km,Moderate - up to 60 min,Nearby - up to 30 km,Very Long Trip - More than 120 min
Investor 188,V7X,Surrey,BC,149,49.069431,-122.812194,Top,Top Priority Contacts,87.9,54.2,Vancouver,136.79,99.7,55.1,105.2,Nearby - up to 30 km,Very Long Trip - More than 120 min,Local - up to 10 km,Close - up to 30 min
Investor 189,V8X,Abbotsford,BC,237,49.081415,-122.288771,High,Do Not Contact,93.3,32.6,Vancouver,47.23,39.3,183.95,100.4,Distant - More than 300 km,Very Close - up to 15 min,Local - up to 10 km,Moderate - up to 60 min
Investor 190,V9X,Surrey,BC,296,49.09797,-122.75302,Low,Pending Contact Method,30.1,47.0,Vancouver,165.05,106.2,98.7,44.8,Nearby - up to 30 km,Very Long Trip - More than 120 min,Local - up to 10 km,Close - up to 30 min
Investor 191,V0X,Kelowna,BC,143,49.855371,-119.540514,Top,Pending Contact Method,103.1,41.1,Vancouver,78.9,14.7,165.85,50.8,Local - up to 10 km,Very Close - up to 15 min,Medium Range - up to 100 km,Moderate - up to 60 min
Investor 192,V1X,Langley,BC,248,49.055129,-122.621972,High,Low-Potential Contacts,69.0,40.6,Vancouver,176.56,34.8,138.34,105.7,Nearby - up to 30 km,Close - up to 30 min,Local - up to 10 km,Very Close - up to 15 min
Investor 193,V2X,Abbotsford,BC,93,49.098686,-122.34049,High,Low-Potential Contacts,37.2,46.0,Vancouver,95.73,59.6,3.4,41.0,Medium Range - up to 100 km,Close - up to 30 min,Nearby - up to 30 km,Very Long Trip - More than 120 min
Investor 194,V3X,Abbotsford,BC,77,49.098585,-122.303105,Low,High-Potential Contacts,63.8,36.7,Vancouver,19.09,14.0,187.81,73.1,Local - up to 10 km,Very Close - up to 15 min,Nearby - up to 30 km,Very Close - up to 15 min
Investor 195,V4X,Abbotsford,BC,124,49.083883,-122.35227,Low,Potential Contacts,103.5,48.8,Vancouver,72.98,79.7,126.88,94.2,Distant - More than 300 km,Moderate - up to 60 min,Nearby - up to 30 km,Close - up to 30 min
Investor 196,V5X,Langley,BC,859,49.114443,-122.683557,Top,High-Potential Contacts,83.0,52.8,Vancouver,192.54,28.4,88.41,85.4,Medium Range - up to 100 km,Very Close - up to 15 min,Medium Range - up to 100 km,Close - up to 30 min
Investor 197,V6X,Victoria,BC,314,48.451689,-123.321881,High,Pending Contact Method,90.2,19.1,Vancouver,170.36,25.9,161.02,38.2,Distant - More than 300 km,Moderate - up to 60 min,Local - up to 10 km,Close - up to 30 min
Investor 198,V7X,Nanaimo,BC,116,49.165028,-123.931137,Low,Top Priority Contacts,74.0,44.3,Vancouver,19.55,21.6,23.03,94.6,Nearby - up to 30 km,Very Long Trip - More than 120 min,Local - up to 10 km,Very Close - up to 15 min
Investor 199,V8X,Coquitlam,BC,109,49.308507,-122.745339,Medium,High-Potential Contacts,88.5,58.5,Vancouver,38.75,106.3,58.38,105.1,Distant - More than 300 km,Very Long Trip - More than 120 min,Medium Range - up to 100 km,Close - up to 30 min
Investor 200,V9X,Nanaimo,BC,112,49.151537,-123.898888,Top,Top Priority Contacts,111.1,60.4,Vancouver,183.01,37.3,132.24,83.1,Local - up to 10 km,Very Close - up to 15 min,Medium Range - up to 100 km,Close - up to 30 min
